task,split,source_dataset,model_name,model_id,condition,base_condition,perturbation,sample_count,parse_rate,exact_accuracy,tolerance_accuracy,mae,rmse,bias,mae_ci_low,mae_ci_high,follow_rate
angle,synthetic,synthetic_angle,qwen2.5-vl-3b,Qwen/Qwen2.5-VL-3B-Instruct,both,both,0.0,96,1.0000,0.0417,0.9271,2.9885,14.4668,-1.7510,1.1832,6.0509,0.0000
angle,synthetic,synthetic_angle,qwen2.5-vl-3b,Qwen/Qwen2.5-VL-3B-Instruct,both_delta_m10,both,-10.0,96,1.0000,0.0000,0.0104,11.9198,18.5685,-11.7615,10.1208,15.0491,0.9479
angle,synthetic,synthetic_angle,qwen2.5-vl-3b,Qwen/Qwen2.5-VL-3B-Instruct,both_delta_m5,both,-5.0,96,1.0000,0.0000,0.4688,6.9219,15.7975,-6.6240,5.1936,10.0098,0.9271
angle,synthetic,synthetic_angle,qwen2.5-vl-3b,Qwen/Qwen2.5-VL-3B-Instruct,both_delta_p10,both,10.0,96,1.0000,0.0000,0.0417,10.9312,16.5571,8.2250,9.2760,13.7178,0.9167
angle,synthetic,synthetic_angle,qwen2.5-vl-3b,Qwen/Qwen2.5-VL-3B-Instruct,both_delta_p5,both,5.0,96,1.0000,0.0000,0.5625,6.3312,14.7334,3.3479,4.6416,9.2719,0.9375
angle,synthetic,synthetic_angle,qwen2.5-vl-3b,Qwen/Qwen2.5-VL-3B-Instruct,cot,cot,0.0,96,1.0000,0.0000,0.0312,71.3250,84.2834,-41.6667,62.4811,80.2267,0.0000
angle,synthetic,synthetic_angle,qwen2.5-vl-3b,Qwen/Qwen2.5-VL-3B-Instruct,grid,grid,0.0,96,1.0000,0.0000,0.0729,52.7292,63.7075,33.9063,45.7670,59.6837,0.0000
angle,synthetic,synthetic_angle,qwen2.5-vl-3b,Qwen/Qwen2.5-VL-3B-Instruct,pixels,pixels,0.0,96,1.0000,0.0521,0.9583,2.7698,14.3937,-1.4781,1.0312,5.8594,0.0000
angle,synthetic,synthetic_angle,qwen2.5-vl-3b,Qwen/Qwen2.5-VL-3B-Instruct,pixels_delta_m10,pixels,-10.0,96,1.0000,0.0000,0.0208,11.6906,18.4263,-11.1010,9.9155,14.7545,0.9375
angle,synthetic,synthetic_angle,qwen2.5-vl-3b,Qwen/Qwen2.5-VL-3B-Instruct,pixels_delta_m5,pixels,-5.0,96,1.0000,0.0000,0.4583,11.8094,44.3614,-2.6635,5.5441,21.5855,0.9271
angle,synthetic,synthetic_angle,qwen2.5-vl-3b,Qwen/Qwen2.5-VL-3B-Instruct,pixels_delta_p10,pixels,10.0,96,1.0000,0.0000,0.0104,11.7667,17.4952,8.6250,9.8531,14.7026,0.9583
angle,synthetic,synthetic_angle,qwen2.5-vl-3b,Qwen/Qwen2.5-VL-3B-Instruct,pixels_delta_p5,pixels,5.0,96,1.0000,0.0000,0.5312,11.9115,54.0792,8.4802,4.9822,23.9589,0.9688
angle,synthetic,synthetic_angle,qwen2.5-vl-3b,Qwen/Qwen2.5-VL-3B-Instruct,raw,raw,0.0,96,1.0000,0.0000,0.0729,49.9438,60.7715,37.6563,43.2156,56.8834,0.0000
angle,synthetic,synthetic_angle,qwen2.5-vl-3b,Qwen/Qwen2.5-VL-3B-Instruct,som,som,0.0,96,1.0000,0.0000,0.1042,38.8375,48.7214,-12.9688,33.2884,44.9181,0.0000
angle,synthetic,synthetic_angle,qwen2.5-vl-3b,Qwen/Qwen2.5-VL-3B-Instruct,text,text,0.0,96,1.0000,0.0312,0.9062,3.0219,11.9124,1.0031,1.4604,5.6045,0.0000
angle,synthetic,synthetic_angle,qwen2.5-vl-3b,Qwen/Qwen2.5-VL-3B-Instruct,text_delta_m10,text,-10.0,96,1.0000,0.0000,0.0417,11.8948,18.6780,-11.1260,9.9749,15.1273,0.8542
angle,synthetic,synthetic_angle,qwen2.5-vl-3b,Qwen/Qwen2.5-VL-3B-Instruct,text_delta_m5,text,-5.0,96,1.0000,0.0000,0.5312,7.1292,16.1024,-6.0187,5.2125,10.3198,0.7604
angle,synthetic,synthetic_angle,qwen2.5-vl-3b,Qwen/Qwen2.5-VL-3B-Instruct,text_delta_p10,text,10.0,96,1.0000,0.0000,0.0312,11.9417,23.1010,11.9417,9.4802,16.2200,0.7604
angle,synthetic,synthetic_angle,qwen2.5-vl-3b,Qwen/Qwen2.5-VL-3B-Instruct,text_delta_p5,text,5.0,96,1.0000,0.0000,0.5729,9.8323,37.3043,6.8260,4.7865,18.3368,0.7812
angle,synthetic,synthetic_angle,smolvlm2-2.2b,HuggingFaceTB/SmolVLM2-2.2B-Instruct,both,both,0.0,2,1.0000,0.0000,1.0000,1.0000,1.2806,1.0000,0.2000,1.8000,0.0000
angle,synthetic,synthetic_angle,smolvlm2-2.2b,HuggingFaceTB/SmolVLM2-2.2B-Instruct,both_delta_m10,both,-10.0,2,1.0000,0.0000,0.0000,9.0000,9.0355,-9.0000,8.2000,9.8000,1.0000
angle,synthetic,synthetic_angle,smolvlm2-2.2b,HuggingFaceTB/SmolVLM2-2.2B-Instruct,both_delta_m5,both,-5.0,2,1.0000,0.0000,1.0000,4.0000,4.0792,-4.0000,3.2000,4.8000,1.0000
angle,synthetic,synthetic_angle,smolvlm2-2.2b,HuggingFaceTB/SmolVLM2-2.2B-Instruct,both_delta_p10,both,10.0,2,1.0000,0.0000,0.0000,11.0000,11.0291,11.0000,10.2000,11.8000,1.0000
angle,synthetic,synthetic_angle,smolvlm2-2.2b,HuggingFaceTB/SmolVLM2-2.2B-Instruct,both_delta_p5,both,5.0,2,1.0000,0.0000,0.0000,6.0000,6.0531,6.0000,5.2000,6.8000,1.0000
angle,synthetic,synthetic_angle,smolvlm2-2.2b,HuggingFaceTB/SmolVLM2-2.2B-Instruct,cot,cot,0.0,2,1.0000,0.0000,0.0000,28.5000,29.7693,28.5000,19.9000,37.1000,0.0000
angle,synthetic,synthetic_angle,smolvlm2-2.2b,HuggingFaceTB/SmolVLM2-2.2B-Instruct,grid,grid,0.0,2,1.0000,0.0000,0.0000,36.4000,38.8228,13.5000,22.9000,49.9000,0.0000
angle,synthetic,synthetic_angle,smolvlm2-2.2b,HuggingFaceTB/SmolVLM2-2.2B-Instruct,pixels,pixels,0.0,2,1.0000,0.0000,1.0000,1.0000,1.2806,1.0000,0.2000,1.8000,0.0000
angle,synthetic,synthetic_angle,smolvlm2-2.2b,HuggingFaceTB/SmolVLM2-2.2B-Instruct,pixels_delta_m10,pixels,-10.0,2,1.0000,0.0000,0.0000,9.0000,9.0355,-9.0000,8.2000,9.8000,1.0000
angle,synthetic,synthetic_angle,smolvlm2-2.2b,HuggingFaceTB/SmolVLM2-2.2B-Instruct,pixels_delta_m5,pixels,-5.0,2,1.0000,0.0000,1.0000,4.0000,4.0792,-4.0000,3.2000,4.8000,1.0000
angle,synthetic,synthetic_angle,smolvlm2-2.2b,HuggingFaceTB/SmolVLM2-2.2B-Instruct,pixels_delta_p10,pixels,10.0,2,1.0000,0.0000,0.0000,11.0000,11.0291,11.0000,10.2000,11.8000,1.0000
angle,synthetic,synthetic_angle,smolvlm2-2.2b,HuggingFaceTB/SmolVLM2-2.2B-Instruct,pixels_delta_p5,pixels,5.0,2,1.0000,0.0000,0.0000,6.0000,6.0531,6.0000,5.2000,6.8000,1.0000
angle,synthetic,synthetic_angle,smolvlm2-2.2b,HuggingFaceTB/SmolVLM2-2.2B-Instruct,raw,raw,0.0,3,1.0000,0.0000,0.0000,32.8000,34.9751,0.4667,22.9000,49.9000,0.0000
angle,synthetic,synthetic_angle,smolvlm2-2.2b,HuggingFaceTB/SmolVLM2-2.2B-Instruct,som,som,0.0,2,1.0000,0.0000,0.0000,36.4000,38.8228,13.5000,22.9000,49.9000,0.0000
angle,synthetic,synthetic_angle,smolvlm2-2.2b,HuggingFaceTB/SmolVLM2-2.2B-Instruct,text,text,0.0,2,1.0000,0.0000,1.0000,1.0000,1.2806,1.0000,0.2000,1.8000,0.0000
angle,synthetic,synthetic_angle,smolvlm2-2.2b,HuggingFaceTB/SmolVLM2-2.2B-Instruct,text_delta_m10,text,-10.0,2,1.0000,0.0000,0.0000,9.0000,9.0355,-9.0000,8.2000,9.8000,1.0000
angle,synthetic,synthetic_angle,smolvlm2-2.2b,HuggingFaceTB/SmolVLM2-2.2B-Instruct,text_delta_m5,text,-5.0,2,1.0000,0.0000,1.0000,4.0000,4.0792,-4.0000,3.2000,4.8000,1.0000
angle,synthetic,synthetic_angle,smolvlm2-2.2b,HuggingFaceTB/SmolVLM2-2.2B-Instruct,text_delta_p10,text,10.0,2,1.0000,0.0000,0.0000,11.0000,11.0291,11.0000,10.2000,11.8000,1.0000
angle,synthetic,synthetic_angle,smolvlm2-2.2b,HuggingFaceTB/SmolVLM2-2.2B-Instruct,text_delta_p5,text,5.0,2,1.0000,0.0000,0.0000,6.0000,6.0531,6.0000,5.2000,6.8000,1.0000
counting,synthetic,synthetic_counting,qwen2.5-vl-3b,Qwen/Qwen2.5-VL-3B-Instruct,both,both,0.0,12,1.0000,1.0000,1.0000,0.0000,0.0000,0.0000,0.0000,0.0000,0.0000
counting,synthetic,synthetic_counting,qwen2.5-vl-3b,Qwen/Qwen2.5-VL-3B-Instruct,pixels,pixels,0.0,12,1.0000,1.0000,1.0000,0.0000,0.0000,0.0000,0.0000,0.0000,0.0000
counting,synthetic,synthetic_counting,qwen2.5-vl-3b,Qwen/Qwen2.5-VL-3B-Instruct,raw,raw,0.0,12,1.0000,0.0000,0.0000,3.0833,3.7305,0.0833,2.0000,4.3354,0.0000
counting,synthetic,synthetic_counting,qwen2.5-vl-3b,Qwen/Qwen2.5-VL-3B-Instruct,text,text,0.0,12,1.0000,0.0000,0.0000,1.0000,1.0000,-0.1667,1.0000,1.0000,0.0000
